{
  "map": {
    "occupancy": {
      "cell_size": 0.1,
      "filename": "apps/assets/maps/nvidia_R_meeting_rooms_181213b.png"
    },
    "waypoints": {
      "vis_cell_size": 0.1,
      "waypoints": {
        "arm": {
          "color": [
            255.0,
            0.0,
            0.0
          ],
          "pose": [
            0.008223543595185033,
            -0.0,
            -0.0,
            -0.9999661860936789,
            37.800000000000004,
            143.20000000000002,
            0.0
          ],
          "radius": 1.0
        },
        "aston martin": {
          "color": [
            255.0,
            0.0,
            0.0
          ],
          "pose": [
            1.0,
            0.0,
            0.0,
            0.0,
            57.300000000000004,
            79.9,
            0.0
          ],
          "radius": 1.0
        },
        "bentley": {
          "color": [
            255.0,
            0.0,
            0.0
          ],
          "pose": [
            1.0,
            0.0,
            0.0,
            0.0,
            15.8,
            91.2,
            0.0
          ],
          "radius": 1.0
        },
        "bmw": {
          "color": [
            255.0,
            0.0,
            0.0
          ],
          "pose": [
            1.0,
            0.0,
            0.0,
            0.0,
            124.686088,
            32.331762,
            0.0
          ],
          "radius": 1.0
        },
        "bugatti": {
          "color": [
            255.0,
            0.0,
            0.0
          ],
          "pose": [
            1.0,
            0.0,
            0.0,
            0.0,
            65.3,
            81.30000000000001,
            0.0
          ],
          "radius": 1.0
        },
        "camaro": {
          "color": [
            255.0,
            0.0,
            0.0
          ],
          "pose": [
            1.0,
            0.0,
            0.0,
            0.0,
            50.0,
            141.20000000000002,
            0.0
          ],
          "radius": 1.0
        },
        "challenger": {
          "color": [
            255.0,
            0.0,
            0.0
          ],
          "pose": [
            1.0,
            0.0,
            0.0,
            0.0,
            71.4,
            137.9,
            0.0
          ],
          "radius": 1.0
        },
        "chevelle": {
          "color": [
            255.0,
            0.0,
            0.0
          ],
          "pose": [
            1.0,
            0.0,
            0.0,
            0.0,
            69.60000000000001,
            137.9,
            0.0
          ],
          "radius": 1.0
        },
        "citroen": {
          "color": [
            255.0,
            0.0,
            0.0
          ],
          "pose": [
            1.0,
            0.0,
            0.0,
            0.0,
            117.118769,
            62.083697,
            0.0
          ],
          "radius": 1.0
        },
        "cobra": {
          "color": [
            255.0,
            0.0,
            0.0
          ],
          "pose": [
            1.0,
            0.0,
            0.0,
            0.0,
            34.9,
            121.60000000000001,
            0.0
          ],
          "radius": 1.0
        },
        "corvette": {
          "color": [
            255.0,
            0.0,
            0.0
          ],
          "pose": [
            1.0,
            0.0,
            0.0,
            0.0,
            171.4,
            11.600000000000001,
            0.0
          ],
          "radius": 1.0
        },
        "delorean": {
          "color": [
            255.0,
            0.0,
            0.0
          ],
          "pose": [
            1.0,
            0.0,
            0.0,
            0.0,
            95.10000000000001,
            131.20000000000002,
            0.0
          ],
          "radius": 1.0
        },
        "duster": {
          "color": [
            255.0,
            0.0,
            0.0
          ],
          "pose": [
            1.0,
            0.0,
            0.0,
            0.0,
            76.0,
            137.9,
            0.0
          ],
          "radius": 1.0
        },
        "element": {
          "color": [
            255.0,
            0.0,
            0.0
          ],
          "pose": [
            1.0,
            0.0,
            0.0,
            0.0,
            76.3,
            40.7,
            0.0
          ],
          "radius": 1.0
        },
        "evolution": {
          "color": [
            255.0,
            0.0,
            0.0
          ],
          "pose": [
            1.0,
            0.0,
            0.0,
            0.0,
            129.939445,
            32.266541,
            0.0
          ],
          "radius": 1.0
        },
        "genesis": {
          "color": [
            255.0,
            0.0,
            0.0
          ],
          "pose": [
            1.0,
            0.0,
            0.0,
            0.0,
            57.6,
            102.7,
            0.0
          ],
          "radius": 1.0
        },
        "gt-r": {
          "color": [
            255.0,
            0.0,
            0.0
          ],
          "pose": [
            1.0,
            0.0,
            0.0,
            0.0,
            176.9,
            21.0,
            0.0
          ],
          "radius": 1.0
        },
        "gto": {
          "color": [
            255.0,
            0.0,
            0.0
          ],
          "pose": [
            1.0,
            0.0,
            0.0,
            0.0,
            48.1,
            146.6,
            0.0
          ],
          "radius": 1.0
        },
        "infiniti": {
          "color": [
            255.0,
            0.0,
            0.0
          ],
          "pose": [
            1.0,
            0.0,
            0.0,
            0.0,
            139.20000000000002,
            61.2,
            0.0
          ],
          "radius": 1.0
        },
        "jaguar": {
          "color": [
            255.0,
            0.0,
            0.0
          ],
          "pose": [
            1.0,
            0.0,
            0.0,
            0.0,
            10.3,
            65.60000000000001,
            0.0
          ],
          "radius": 1.0
        },
        "koenigsegg": {
          "color": [
            255.0,
            0.0,
            0.0
          ],
          "pose": [
            1.0,
            0.0,
            0.0,
            0.0,
            109.5,
            33.800000000000004,
            0.0
          ],
          "radius": 1.0
        },
        "lamborghini": {
          "color": [
            255.0,
            0.0,
            0.0
          ],
          "pose": [
            1.0,
            0.0,
            0.0,
            0.0,
            57.400000000000006,
            71.7,
            0.0
          ],
          "radius": 1.0
        },
        "leaf": {
          "color": [
            255.0,
            0.0,
            0.0
          ],
          "pose": [
            1.0,
            0.0,
            0.0,
            0.0,
            148.0,
            61.400000000000006,
            0.0
          ],
          "radius": 1.0
        },
        "lexus": {
          "color": [
            255.0,
            0.0,
            0.0
          ],
          "pose": [
            1.0,
            0.0,
            0.0,
            0.0,
            137.4,
            61.300000000000004,
            0.0
          ],
          "radius": 1.0
        },
        "lotus": {
          "color": [
            255.0,
            0.0,
            0.0
          ],
          "pose": [
            1.0,
            0.0,
            0.0,
            0.0,
            58.400000000000006,
            113.10000000000001,
            0.0
          ],
          "radius": 1.0
        },